field,original_label,concept,type,group,geography,control_field
B01001_001E,Estimate!!Total:,SEX BY AGE,int,B01001,BG,P_TOTAL
B01001_002E,Estimate!!Total:!!Male:,SEX BY AGE,int,B01001,BG,P_MALE
B01001_003E,Estimate!!Total:!!Male:!!Under 5 years,SEX BY AGE,int,B01001,BG,P_AGE_0_4
B01001_004E,Estimate!!Total:!!Male:!!5 to 9 years,SEX BY AGE,int,B01001,BG,P_AGE_5_17
B01001_005E,Estimate!!Total:!!Male:!!10 to 14 years,SEX BY AGE,int,B01001,BG,P_AGE_5_17
B01001_006E,Estimate!!Total:!!Male:!!15 to 17 years,SEX BY AGE,int,B01001,BG,P_AGE_5_17
B01001_007E,Estimate!!Total:!!Male:!!18 and 19 years,SEX BY AGE,int,B01001,BG,P_AGE_18_34
B01001_008E,Estimate!!Total:!!Male:!!20 years,SEX BY AGE,int,B01001,BG,P_AGE_18_34
B01001_009E,Estimate!!Total:!!Male:!!21 years,SEX BY AGE,int,B01001,BG,P_AGE_18_34
B01001_010E,Estimate!!Total:!!Male:!!22 to 24 years,SEX BY AGE,int,B01001,BG,P_AGE_18_34
B01001_011E,Estimate!!Total:!!Male:!!25 to 29 years,SEX BY AGE,int,B01001,BG,P_AGE_18_34
B01001_012E,Estimate!!Total:!!Male:!!30 to 34 years,SEX BY AGE,int,B01001,BG,P_AGE_18_34
B01001_013E,Estimate!!Total:!!Male:!!35 to 39 years,SEX BY AGE,int,B01001,BG,P_AGE_35_49
B01001_014E,Estimate!!Total:!!Male:!!40 to 44 years,SEX BY AGE,int,B01001,BG,P_AGE_35_49
B01001_015E,Estimate!!Total:!!Male:!!45 to 49 years,SEX BY AGE,int,B01001,BG,P_AGE_35_49
B01001_016E,Estimate!!Total:!!Male:!!50 to 54 years,SEX BY AGE,int,B01001,BG,P_AGE_50_64
B01001_017E,Estimate!!Total:!!Male:!!55 to 59 years,SEX BY AGE,int,B01001,BG,P_AGE_50_64
B01001_018E,Estimate!!Total:!!Male:!!60 and 61 years,SEX BY AGE,int,B01001,BG,P_AGE_50_64
B01001_019E,Estimate!!Total:!!Male:!!62 to 64 years,SEX BY AGE,int,B01001,BG,P_AGE_50_64
B01001_020E,Estimate!!Total:!!Male:!!65 and 66 years,SEX BY AGE,int,B01001,BG,P_AGE_65PLUS
B01001_021E,Estimate!!Total:!!Male:!!67 to 69 years,SEX BY AGE,int,B01001,BG,P_AGE_65PLUS
B01001_022E,Estimate!!Total:!!Male:!!70 to 74 years,SEX BY AGE,int,B01001,BG,P_AGE_65PLUS
B01001_023E,Estimate!!Total:!!Male:!!75 to 79 years,SEX BY AGE,int,B01001,BG,P_AGE_65PLUS
B01001_024E,Estimate!!Total:!!Male:!!80 to 84 years,SEX BY AGE,int,B01001,BG,P_AGE_65PLUS
B01001_025E,Estimate!!Total:!!Male:!!85 years and over,SEX BY AGE,int,B01001,BG,P_AGE_65PLUS
B01001_026E,Estimate!!Total:!!Female:,SEX BY AGE,int,B01001,BG,P_FEMALE
B01001_027E,Estimate!!Total:!!Female:!!Under 5 years,SEX BY AGE,int,B01001,BG,P_AGE_0_4
B01001_028E,Estimate!!Total:!!Female:!!5 to 9 years,SEX BY AGE,int,B01001,BG,P_AGE_5_17
B01001_029E,Estimate!!Total:!!Female:!!10 to 14 years,SEX BY AGE,int,B01001,BG,P_AGE_5_17
B01001_030E,Estimate!!Total:!!Female:!!15 to 17 years,SEX BY AGE,int,B01001,BG,P_AGE_5_17
B01001_031E,Estimate!!Total:!!Female:!!18 and 19 years,SEX BY AGE,int,B01001,BG,P_AGE_18_34
B01001_032E,Estimate!!Total:!!Female:!!20 years,SEX BY AGE,int,B01001,BG,P_AGE_18_34
B01001_033E,Estimate!!Total:!!Female:!!21 years,SEX BY AGE,int,B01001,BG,P_AGE_18_34
B01001_034E,Estimate!!Total:!!Female:!!22 to 24 years,SEX BY AGE,int,B01001,BG,P_AGE_18_34
B01001_035E,Estimate!!Total:!!Female:!!25 to 29 years,SEX BY AGE,int,B01001,BG,P_AGE_18_34
B01001_036E,Estimate!!Total:!!Female:!!30 to 34 years,SEX BY AGE,int,B01001,BG,P_AGE_18_34
B01001_037E,Estimate!!Total:!!Female:!!35 to 39 years,SEX BY AGE,int,B01001,BG,P_AGE_35_49
B01001_038E,Estimate!!Total:!!Female:!!40 to 44 years,SEX BY AGE,int,B01001,BG,P_AGE_35_49
B01001_039E,Estimate!!Total:!!Female:!!45 to 49 years,SEX BY AGE,int,B01001,BG,P_AGE_35_49
B01001_040E,Estimate!!Total:!!Female:!!50 to 54 years,SEX BY AGE,int,B01001,BG,P_AGE_50_64
B01001_041E,Estimate!!Total:!!Female:!!55 to 59 years,SEX BY AGE,int,B01001,BG,P_AGE_50_64
B01001_042E,Estimate!!Total:!!Female:!!60 and 61 years,SEX BY AGE,int,B01001,BG,P_AGE_50_64
B01001_043E,Estimate!!Total:!!Female:!!62 to 64 years,SEX BY AGE,int,B01001,BG,P_AGE_50_64
B01001_044E,Estimate!!Total:!!Female:!!65 and 66 years,SEX BY AGE,int,B01001,BG,P_AGE_65PLUS
B01001_045E,Estimate!!Total:!!Female:!!67 to 69 years,SEX BY AGE,int,B01001,BG,P_AGE_65PLUS
B01001_046E,Estimate!!Total:!!Female:!!70 to 74 years,SEX BY AGE,int,B01001,BG,P_AGE_65PLUS
B01001_047E,Estimate!!Total:!!Female:!!75 to 79 years,SEX BY AGE,int,B01001,BG,P_AGE_65PLUS
B01001_048E,Estimate!!Total:!!Female:!!80 to 84 years,SEX BY AGE,int,B01001,BG,P_AGE_65PLUS
B01001_049E,Estimate!!Total:!!Female:!!85 years and over,SEX BY AGE,int,B01001,BG,P_AGE_65PLUS
B02001_001E,Estimate!!Total:,RACE,int,B02001,BG,
B02001_002E,Estimate!!Total:!!White alone,RACE,int,B02001,BG,P_RACE_WHITE
B02001_003E,Estimate!!Total:!!Black or African American alone,RACE,int,B02001,BG,P_RACE_BLACK
B02001_004E,Estimate!!Total:!!American Indian and Alaska Native alone,RACE,int,B02001,BG,P_RACE_OTHER
B02001_005E,Estimate!!Total:!!Asian alone,RACE,int,B02001,BG,P_RACE_AAPI
B02001_006E,Estimate!!Total:!!Native Hawaiian and Other Pacific Islander alone,RACE,int,B02001,BG,P_RACE_AAPI
B02001_007E,Estimate!!Total:!!Some other race alone,RACE,int,B02001,BG,P_RACE_OTHER
B02001_008E,Estimate!!Total:!!Two or more races:,RACE,int,B02001,BG,P_RACE_OTHER
B02001_009E,Estimate!!Total:!!Two or more races:!!Two races including Some other race,RACE,int,B02001,BG,
B02001_010E,"Estimate!!Total:!!Two or more races:!!Two races excluding Some other race,  and three or more races",RACE,int,B02001,BG,
B03003_001E,Estimate!!Total:,HISPANIC OR LATINO ORIGIN,int,B03003,BG,
B03003_002E,Estimate!!Total:!!Not Hispanic or Latino,HISPANIC OR LATINO ORIGIN,int,B03003,BG,P_NON_HISPANIC
B03003_003E,Estimate!!Total:!!Hispanic or Latino,HISPANIC OR LATINO ORIGIN,int,B03003,BG,P_HISPANIC
B08201_001E,Estimate!!Total:,HOUSEHOLD SIZE BY VEHICLES AVAILABLE,int,B08201,TRACT,
B08201_002E,Estimate!!Total:!!No vehicle available,HOUSEHOLD SIZE BY VEHICLES AVAILABLE,int,B08201,TRACT,
B08201_003E,Estimate!!Total:!!1 vehicle available,HOUSEHOLD SIZE BY VEHICLES AVAILABLE,int,B08201,TRACT,
B08201_004E,Estimate!!Total:!!2 vehicles available,HOUSEHOLD SIZE BY VEHICLES AVAILABLE,int,B08201,TRACT,
B08201_005E,Estimate!!Total:!!3 vehicles available,HOUSEHOLD SIZE BY VEHICLES AVAILABLE,int,B08201,TRACT,
B08201_006E,Estimate!!Total:!!4 or more vehicles available,HOUSEHOLD SIZE BY VEHICLES AVAILABLE,int,B08201,TRACT,
B08201_007E,Estimate!!Total:!!1-person household:,HOUSEHOLD SIZE BY VEHICLES AVAILABLE,int,B08201,TRACT,
B08201_008E,Estimate!!Total:!!1-person household:!!No vehicle available,HOUSEHOLD SIZE BY VEHICLES AVAILABLE,int,B08201,TRACT,
B08201_009E,Estimate!!Total:!!1-person household:!!1 vehicle available,HOUSEHOLD SIZE BY VEHICLES AVAILABLE,int,B08201,TRACT,
B08201_010E,Estimate!!Total:!!1-person household:!!2 vehicles available,HOUSEHOLD SIZE BY VEHICLES AVAILABLE,int,B08201,TRACT,
B08201_011E,Estimate!!Total:!!1-person household:!!3 vehicles available,HOUSEHOLD SIZE BY VEHICLES AVAILABLE,int,B08201,TRACT,
B08201_012E,Estimate!!Total:!!1-person household:!!4 or more vehicles available,HOUSEHOLD SIZE BY VEHICLES AVAILABLE,int,B08201,TRACT,
B08201_013E,Estimate!!Total:!!2-person household:,HOUSEHOLD SIZE BY VEHICLES AVAILABLE,int,B08201,TRACT,
B08201_014E,Estimate!!Total:!!2-person household:!!No vehicle available,HOUSEHOLD SIZE BY VEHICLES AVAILABLE,int,B08201,TRACT,
B08201_015E,Estimate!!Total:!!2-person household:!!1 vehicle available,HOUSEHOLD SIZE BY VEHICLES AVAILABLE,int,B08201,TRACT,
B08201_016E,Estimate!!Total:!!2-person household:!!2 vehicles available,HOUSEHOLD SIZE BY VEHICLES AVAILABLE,int,B08201,TRACT,
B08201_017E,Estimate!!Total:!!2-person household:!!3 vehicles available,HOUSEHOLD SIZE BY VEHICLES AVAILABLE,int,B08201,TRACT,
B08201_018E,Estimate!!Total:!!2-person household:!!4 or more vehicles available,HOUSEHOLD SIZE BY VEHICLES AVAILABLE,int,B08201,TRACT,
B08201_019E,Estimate!!Total:!!3-person household:,HOUSEHOLD SIZE BY VEHICLES AVAILABLE,int,B08201,TRACT,
B08201_020E,Estimate!!Total:!!3-person household:!!No vehicle available,HOUSEHOLD SIZE BY VEHICLES AVAILABLE,int,B08201,TRACT,
B08201_021E,Estimate!!Total:!!3-person household:!!1 vehicle available,HOUSEHOLD SIZE BY VEHICLES AVAILABLE,int,B08201,TRACT,
B08201_022E,Estimate!!Total:!!3-person household:!!2 vehicles available,HOUSEHOLD SIZE BY VEHICLES AVAILABLE,int,B08201,TRACT,
B08201_023E,Estimate!!Total:!!3-person household:!!3 vehicles available,HOUSEHOLD SIZE BY VEHICLES AVAILABLE,int,B08201,TRACT,
B08201_024E,Estimate!!Total:!!3-person household:!!4 or more vehicles available,HOUSEHOLD SIZE BY VEHICLES AVAILABLE,int,B08201,TRACT,
B08201_025E,Estimate!!Total:!!4-or-more-person household:,HOUSEHOLD SIZE BY VEHICLES AVAILABLE,int,B08201,TRACT,
B08201_026E,Estimate!!Total:!!4-or-more-person household:!!No vehicle available,HOUSEHOLD SIZE BY VEHICLES AVAILABLE,int,B08201,TRACT,
B08201_027E,Estimate!!Total:!!4-or-more-person household:!!1 vehicle available,HOUSEHOLD SIZE BY VEHICLES AVAILABLE,int,B08201,TRACT,
B08201_028E,Estimate!!Total:!!4-or-more-person household:!!2 vehicles available,HOUSEHOLD SIZE BY VEHICLES AVAILABLE,int,B08201,TRACT,
B08201_029E,Estimate!!Total:!!4-or-more-person household:!!3 vehicles available,HOUSEHOLD SIZE BY VEHICLES AVAILABLE,int,B08201,TRACT,
B08201_030E,Estimate!!Total:!!4-or-more-person household:!!4 or more vehicles available,HOUSEHOLD SIZE BY VEHICLES AVAILABLE,int,B08201,TRACT,
B08202_001E,Estimate!!Total:,HOUSEHOLD SIZE BY NUMBER OF WORKERS IN HOUSEHOLD,int,B08202,TRACT,
B08202_002E,Estimate!!Total:!!No workers,HOUSEHOLD SIZE BY NUMBER OF WORKERS IN HOUSEHOLD,int,B08202,TRACT,
B08202_003E,Estimate!!Total:!!1 worker,HOUSEHOLD SIZE BY NUMBER OF WORKERS IN HOUSEHOLD,int,B08202,TRACT,
B08202_004E,Estimate!!Total:!!2 workers,HOUSEHOLD SIZE BY NUMBER OF WORKERS IN HOUSEHOLD,int,B08202,TRACT,
B08202_005E,Estimate!!Total:!!3 or more workers,HOUSEHOLD SIZE BY NUMBER OF WORKERS IN HOUSEHOLD,int,B08202,TRACT,
B08202_006E,Estimate!!Total:!!1-person household:,HOUSEHOLD SIZE BY NUMBER OF WORKERS IN HOUSEHOLD,int,B08202,TRACT,H_SIZE_1
B08202_007E,Estimate!!Total:!!1-person household:!!No workers,HOUSEHOLD SIZE BY NUMBER OF WORKERS IN HOUSEHOLD,int,B08202,TRACT,
B08202_008E,Estimate!!Total:!!1-person household:!!1 worker,HOUSEHOLD SIZE BY NUMBER OF WORKERS IN HOUSEHOLD,int,B08202,TRACT,
B08202_009E,Estimate!!Total:!!2-person household:,HOUSEHOLD SIZE BY NUMBER OF WORKERS IN HOUSEHOLD,int,B08202,TRACT,H_SIZE_2
B08202_010E,Estimate!!Total:!!2-person household:!!No workers,HOUSEHOLD SIZE BY NUMBER OF WORKERS IN HOUSEHOLD,int,B08202,TRACT,
B08202_011E,Estimate!!Total:!!2-person household:!!1 worker,HOUSEHOLD SIZE BY NUMBER OF WORKERS IN HOUSEHOLD,int,B08202,TRACT,
B08202_012E,Estimate!!Total:!!2-person household:!!2 workers,HOUSEHOLD SIZE BY NUMBER OF WORKERS IN HOUSEHOLD,int,B08202,TRACT,
B08202_013E,Estimate!!Total:!!3-person household:,HOUSEHOLD SIZE BY NUMBER OF WORKERS IN HOUSEHOLD,int,B08202,TRACT,H_SIZE_3
B08202_014E,Estimate!!Total:!!3-person household:!!No workers,HOUSEHOLD SIZE BY NUMBER OF WORKERS IN HOUSEHOLD,int,B08202,TRACT,
B08202_015E,Estimate!!Total:!!3-person household:!!1 worker,HOUSEHOLD SIZE BY NUMBER OF WORKERS IN HOUSEHOLD,int,B08202,TRACT,
B08202_016E,Estimate!!Total:!!3-person household:!!2 workers,HOUSEHOLD SIZE BY NUMBER OF WORKERS IN HOUSEHOLD,int,B08202,TRACT,
B08202_017E,Estimate!!Total:!!3-person household:!!3 workers,HOUSEHOLD SIZE BY NUMBER OF WORKERS IN HOUSEHOLD,int,B08202,TRACT,
B08202_018E,Estimate!!Total:!!4-or-more-person household:,HOUSEHOLD SIZE BY NUMBER OF WORKERS IN HOUSEHOLD,int,B08202,TRACT,H_SIZE_4PLUS
B08202_019E,Estimate!!Total:!!4-or-more-person household:!!No workers,HOUSEHOLD SIZE BY NUMBER OF WORKERS IN HOUSEHOLD,int,B08202,TRACT,
B08202_020E,Estimate!!Total:!!4-or-more-person household:!!1 worker,HOUSEHOLD SIZE BY NUMBER OF WORKERS IN HOUSEHOLD,int,B08202,TRACT,
B08202_021E,Estimate!!Total:!!4-or-more-person household:!!2 workers,HOUSEHOLD SIZE BY NUMBER OF WORKERS IN HOUSEHOLD,int,B08202,TRACT,
B08202_022E,Estimate!!Total:!!4-or-more-person household:!!3 or more workers,HOUSEHOLD SIZE BY NUMBER OF WORKERS IN HOUSEHOLD,int,B08202,TRACT,
B08203_001E,Estimate!!Total:,NUMBER OF WORKERS IN HOUSEHOLD BY VEHICLES AVAILABLE,int,B08203,TRACT,
B08203_002E,Estimate!!Total:!!No vehicle available,NUMBER OF WORKERS IN HOUSEHOLD BY VEHICLES AVAILABLE,int,B08203,TRACT,H_NO_VEH
B08203_003E,Estimate!!Total:!!1 vehicle available,NUMBER OF WORKERS IN HOUSEHOLD BY VEHICLES AVAILABLE,int,B08203,TRACT,
B08203_004E,Estimate!!Total:!!2 vehicles available,NUMBER OF WORKERS IN HOUSEHOLD BY VEHICLES AVAILABLE,int,B08203,TRACT,
B08203_005E,Estimate!!Total:!!3 vehicles available,NUMBER OF WORKERS IN HOUSEHOLD BY VEHICLES AVAILABLE,int,B08203,TRACT,
B08203_006E,Estimate!!Total:!!4 or more vehicles available,NUMBER OF WORKERS IN HOUSEHOLD BY VEHICLES AVAILABLE,int,B08203,TRACT,
B08203_007E,Estimate!!Total:!!No workers:,NUMBER OF WORKERS IN HOUSEHOLD BY VEHICLES AVAILABLE,int,B08203,TRACT,
B08203_008E,Estimate!!Total:!!No workers:!!No vehicle available,NUMBER OF WORKERS IN HOUSEHOLD BY VEHICLES AVAILABLE,int,B08203,TRACT,
B08203_009E,Estimate!!Total:!!No workers:!!1 vehicle available,NUMBER OF WORKERS IN HOUSEHOLD BY VEHICLES AVAILABLE,int,B08203,TRACT,H_1ORMORE_VEHPP
B08203_010E,Estimate!!Total:!!No workers:!!2 vehicles available,NUMBER OF WORKERS IN HOUSEHOLD BY VEHICLES AVAILABLE,int,B08203,TRACT,H_1ORMORE_VEHPP
B08203_011E,Estimate!!Total:!!No workers:!!3 vehicles available,NUMBER OF WORKERS IN HOUSEHOLD BY VEHICLES AVAILABLE,int,B08203,TRACT,H_1ORMORE_VEHPP
B08203_012E,Estimate!!Total:!!No workers:!!4 or more vehicles available,NUMBER OF WORKERS IN HOUSEHOLD BY VEHICLES AVAILABLE,int,B08203,TRACT,H_1ORMORE_VEHPP
B08203_013E,Estimate!!Total:!!1 worker:,NUMBER OF WORKERS IN HOUSEHOLD BY VEHICLES AVAILABLE,int,B08203,TRACT,
B08203_014E,Estimate!!Total:!!1 worker:!!No vehicle available,NUMBER OF WORKERS IN HOUSEHOLD BY VEHICLES AVAILABLE,int,B08203,TRACT,
B08203_015E,Estimate!!Total:!!1 worker:!!1 vehicle available,NUMBER OF WORKERS IN HOUSEHOLD BY VEHICLES AVAILABLE,int,B08203,TRACT,H_FEWER_VEHPP
B08203_016E,Estimate!!Total:!!1 worker:!!2 vehicles available,NUMBER OF WORKERS IN HOUSEHOLD BY VEHICLES AVAILABLE,int,B08203,TRACT,H_1ORMORE_VEHPP
B08203_017E,Estimate!!Total:!!1 worker:!!3 vehicles available,NUMBER OF WORKERS IN HOUSEHOLD BY VEHICLES AVAILABLE,int,B08203,TRACT,H_1ORMORE_VEHPP
B08203_018E,Estimate!!Total:!!1 worker:!!4 or more vehicles available,NUMBER OF WORKERS IN HOUSEHOLD BY VEHICLES AVAILABLE,int,B08203,TRACT,H_1ORMORE_VEHPP
B08203_019E,Estimate!!Total:!!2 workers:,NUMBER OF WORKERS IN HOUSEHOLD BY VEHICLES AVAILABLE,int,B08203,TRACT,
B08203_020E,Estimate!!Total:!!2 workers:!!No vehicle available,NUMBER OF WORKERS IN HOUSEHOLD BY VEHICLES AVAILABLE,int,B08203,TRACT,
B08203_021E,Estimate!!Total:!!2 workers:!!1 vehicle available,NUMBER OF WORKERS IN HOUSEHOLD BY VEHICLES AVAILABLE,int,B08203,TRACT,H_FEWER_VEHPP
B08203_022E,Estimate!!Total:!!2 workers:!!2 vehicles available,NUMBER OF WORKERS IN HOUSEHOLD BY VEHICLES AVAILABLE,int,B08203,TRACT,H_FEWER_VEHPP
B08203_023E,Estimate!!Total:!!2 workers:!!3 vehicles available,NUMBER OF WORKERS IN HOUSEHOLD BY VEHICLES AVAILABLE,int,B08203,TRACT,H_1ORMORE_VEHPP
B08203_024E,Estimate!!Total:!!2 workers:!!4 or more vehicles available,NUMBER OF WORKERS IN HOUSEHOLD BY VEHICLES AVAILABLE,int,B08203,TRACT,H_1ORMORE_VEHPP
B08203_025E,Estimate!!Total:!!3 or more workers:,NUMBER OF WORKERS IN HOUSEHOLD BY VEHICLES AVAILABLE,int,B08203,TRACT,
B08203_026E,Estimate!!Total:!!3 or more workers:!!No vehicle available,NUMBER OF WORKERS IN HOUSEHOLD BY VEHICLES AVAILABLE,int,B08203,TRACT,
B08203_027E,Estimate!!Total:!!3 or more workers:!!1 vehicle available,NUMBER OF WORKERS IN HOUSEHOLD BY VEHICLES AVAILABLE,int,B08203,TRACT,H_FEWER_VEHPP
B08203_028E,Estimate!!Total:!!3 or more workers:!!2 vehicles available,NUMBER OF WORKERS IN HOUSEHOLD BY VEHICLES AVAILABLE,int,B08203,TRACT,H_FEWER_VEHPP
B08203_029E,Estimate!!Total:!!3 or more workers:!!3 vehicles available,NUMBER OF WORKERS IN HOUSEHOLD BY VEHICLES AVAILABLE,int,B08203,TRACT,H_FEWER_VEHPP
B08203_030E,Estimate!!Total:!!3 or more workers:!!4 or more vehicles available,NUMBER OF WORKERS IN HOUSEHOLD BY VEHICLES AVAILABLE,int,B08203,TRACT,H_1ORMORE_VEHPP
B08301_001E,Estimate!!Total:,MEANS OF TRANSPORTATION TO WORK,int,B08301,TRACT,
B08301_002E,"Estimate!!Total:!!Car, truck, or van:",MEANS OF TRANSPORTATION TO WORK,int,B08301,TRACT,P_MODE_AUTO_OTHER
B08301_003E,"Estimate!!Total:!!Car, truck, or van:!!Drove alone",MEANS OF TRANSPORTATION TO WORK,int,B08301,TRACT,
B08301_004E,"Estimate!!Total:!!Car, truck, or van:!!Carpooled:",MEANS OF TRANSPORTATION TO WORK,int,B08301,TRACT,
B08301_005E,"Estimate!!Total:!!Car, truck, or van:!!Carpooled:!!In 2-person carpool",MEANS OF TRANSPORTATION TO WORK,int,B08301,TRACT,
B08301_006E,"Estimate!!Total:!!Car, truck, or van:!!Carpooled:!!In 3-person carpool",MEANS OF TRANSPORTATION TO WORK,int,B08301,TRACT,
B08301_007E,"Estimate!!Total:!!Car, truck, or van:!!Carpooled:!!In 4-person carpool",MEANS OF TRANSPORTATION TO WORK,int,B08301,TRACT,
B08301_008E,"Estimate!!Total:!!Car, truck, or van:!!Carpooled:!!In 5- or 6-person carpool",MEANS OF TRANSPORTATION TO WORK,int,B08301,TRACT,
B08301_009E,"Estimate!!Total:!!Car, truck, or van:!!Carpooled:!!In 7-or-more-person carpool",MEANS OF TRANSPORTATION TO WORK,int,B08301,TRACT,
B08301_010E,Estimate!!Total:!!Public transportation (excluding taxicab):,MEANS OF TRANSPORTATION TO WORK,int,B08301,TRACT,P_MODE_TRANSIT
B08301_011E,Estimate!!Total:!!Public transportation (excluding taxicab):!!Bus,MEANS OF TRANSPORTATION TO WORK,int,B08301,TRACT,
B08301_012E,Estimate!!Total:!!Public transportation (excluding taxicab):!!Subway or elevated rail,MEANS OF TRANSPORTATION TO WORK,int,B08301,TRACT,
B08301_013E,Estimate!!Total:!!Public transportation (excluding taxicab):!!Long-distance train or commuter rail,MEANS OF TRANSPORTATION TO WORK,int,B08301,TRACT,
B08301_014E,"Estimate!!Total:!!Public transportation (excluding taxicab):!!Light rail, streetcar or trolley (carro p√∫blico in Puerto Rico)",MEANS OF TRANSPORTATION TO WORK,int,B08301,TRACT,
B08301_015E,Estimate!!Total:!!Public transportation (excluding taxicab):!!Ferryboat,MEANS OF TRANSPORTATION TO WORK,int,B08301,TRACT,
B08301_016E,Estimate!!Total:!!Taxicab,MEANS OF TRANSPORTATION TO WORK,int,B08301,TRACT,P_MODE_AUTO_OTHER
B08301_017E,Estimate!!Total:!!Motorcycle,MEANS OF TRANSPORTATION TO WORK,int,B08301,TRACT,P_MODE_AUTO_OTHER
B08301_018E,Estimate!!Total:!!Bicycle,MEANS OF TRANSPORTATION TO WORK,int,B08301,TRACT,P_MODE_WALK_BIKE
B08301_019E,Estimate!!Total:!!Walked,MEANS OF TRANSPORTATION TO WORK,int,B08301,TRACT,P_MODE_WALK_BIKE
B08301_020E,Estimate!!Total:!!Other means,MEANS OF TRANSPORTATION TO WORK,int,B08301,TRACT,P_MODE_AUTO_OTHER
B08301_021E,Estimate!!Total:!!Worked from home,MEANS OF TRANSPORTATION TO WORK,int,B08301,TRACT,P_MODE_WFH
B11005_001E,Estimate!!Total:,HOUSEHOLDS BY PRESENCE OF PEOPLE UNDER 18 YEARS BY HOUSEHOLD TYPE,int,B11005,BG,H_TOTAL
B11005_002E,Estimate!!Total:!!Households with one or more people under 18 years:,HOUSEHOLDS BY PRESENCE OF PEOPLE UNDER 18 YEARS BY HOUSEHOLD TYPE,int,B11005,BG,H_CHILDREN
B11005_003E,Estimate!!Total:!!Households with one or more people under 18 years:!!Family households:,HOUSEHOLDS BY PRESENCE OF PEOPLE UNDER 18 YEARS BY HOUSEHOLD TYPE,int,B11005,BG,
B11005_004E,Estimate!!Total:!!Households with one or more people under 18 years:!!Family households:!!Married-couple family,HOUSEHOLDS BY PRESENCE OF PEOPLE UNDER 18 YEARS BY HOUSEHOLD TYPE,int,B11005,BG,
B11005_005E,Estimate!!Total:!!Households with one or more people under 18 years:!!Family households:!!Other family:,HOUSEHOLDS BY PRESENCE OF PEOPLE UNDER 18 YEARS BY HOUSEHOLD TYPE,int,B11005,BG,
B11005_006E,"Estimate!!Total:!!Households with one or more people under 18 years:!!Family households:!!Other family:!!Male householder, no spouse present",HOUSEHOLDS BY PRESENCE OF PEOPLE UNDER 18 YEARS BY HOUSEHOLD TYPE,int,B11005,BG,
B11005_007E,"Estimate!!Total:!!Households with one or more people under 18 years:!!Family households:!!Other family:!!Female householder, no spouse present",HOUSEHOLDS BY PRESENCE OF PEOPLE UNDER 18 YEARS BY HOUSEHOLD TYPE,int,B11005,BG,
B11005_008E,Estimate!!Total:!!Households with one or more people under 18 years:!!Nonfamily households:,HOUSEHOLDS BY PRESENCE OF PEOPLE UNDER 18 YEARS BY HOUSEHOLD TYPE,int,B11005,BG,
B11005_009E,Estimate!!Total:!!Households with one or more people under 18 years:!!Nonfamily households:!!Male householder,HOUSEHOLDS BY PRESENCE OF PEOPLE UNDER 18 YEARS BY HOUSEHOLD TYPE,int,B11005,BG,
B11005_010E,Estimate!!Total:!!Households with one or more people under 18 years:!!Nonfamily households:!!Female householder,HOUSEHOLDS BY PRESENCE OF PEOPLE UNDER 18 YEARS BY HOUSEHOLD TYPE,int,B11005,BG,
B11005_011E,Estimate!!Total:!!Households with no people under 18 years:,HOUSEHOLDS BY PRESENCE OF PEOPLE UNDER 18 YEARS BY HOUSEHOLD TYPE,int,B11005,BG,H_NO_CHILDREN
B11005_012E,Estimate!!Total:!!Households with no people under 18 years:!!Family households:,HOUSEHOLDS BY PRESENCE OF PEOPLE UNDER 18 YEARS BY HOUSEHOLD TYPE,int,B11005,BG,
B11005_013E,Estimate!!Total:!!Households with no people under 18 years:!!Family households:!!Married-couple family,HOUSEHOLDS BY PRESENCE OF PEOPLE UNDER 18 YEARS BY HOUSEHOLD TYPE,int,B11005,BG,
B11005_014E,Estimate!!Total:!!Households with no people under 18 years:!!Family households:!!Other family:,HOUSEHOLDS BY PRESENCE OF PEOPLE UNDER 18 YEARS BY HOUSEHOLD TYPE,int,B11005,BG,
B11005_015E,"Estimate!!Total:!!Households with no people under 18 years:!!Family households:!!Other family:!!Male householder, no spouse present",HOUSEHOLDS BY PRESENCE OF PEOPLE UNDER 18 YEARS BY HOUSEHOLD TYPE,int,B11005,BG,
B11005_016E,"Estimate!!Total:!!Households with no people under 18 years:!!Family households:!!Other family:!!Female householder, no spouse present",HOUSEHOLDS BY PRESENCE OF PEOPLE UNDER 18 YEARS BY HOUSEHOLD TYPE,int,B11005,BG,
B11005_017E,Estimate!!Total:!!Households with no people under 18 years:!!Nonfamily households:,HOUSEHOLDS BY PRESENCE OF PEOPLE UNDER 18 YEARS BY HOUSEHOLD TYPE,int,B11005,BG,
B11005_018E,Estimate!!Total:!!Households with no people under 18 years:!!Nonfamily households:!!Male householder,HOUSEHOLDS BY PRESENCE OF PEOPLE UNDER 18 YEARS BY HOUSEHOLD TYPE,int,B11005,BG,
B11005_019E,Estimate!!Total:!!Households with no people under 18 years:!!Nonfamily households:!!Female householder,HOUSEHOLDS BY PRESENCE OF PEOPLE UNDER 18 YEARS BY HOUSEHOLD TYPE,int,B11005,BG,
B14002_001E,Estimate!!Total:,SEX BY SCHOOL ENROLLMENT BY LEVEL OF SCHOOL BY TYPE OF SCHOOL FOR THE POPULATION 3 YEARS AND OVER,int,B14002,BG,
B14002_002E,Estimate!!Total:!!Male:,SEX BY SCHOOL ENROLLMENT BY LEVEL OF SCHOOL BY TYPE OF SCHOOL FOR THE POPULATION 3 YEARS AND OVER,int,B14002,BG,
B14002_003E,Estimate!!Total:!!Male:!!Enrolled in school:,SEX BY SCHOOL ENROLLMENT BY LEVEL OF SCHOOL BY TYPE OF SCHOOL FOR THE POPULATION 3 YEARS AND OVER,int,B14002,BG,
B14002_004E,"Estimate!!Total:!!Male:!!Enrolled in school:!!Enrolled in nursery school, preschool:",SEX BY SCHOOL ENROLLMENT BY LEVEL OF SCHOOL BY TYPE OF SCHOOL FOR THE POPULATION 3 YEARS AND OVER,int,B14002,BG,
B14002_005E,"Estimate!!Total:!!Male:!!Enrolled in school:!!Enrolled in nursery school, preschool:!!Public school",SEX BY SCHOOL ENROLLMENT BY LEVEL OF SCHOOL BY TYPE OF SCHOOL FOR THE POPULATION 3 YEARS AND OVER,int,B14002,BG,
B14002_006E,"Estimate!!Total:!!Male:!!Enrolled in school:!!Enrolled in nursery school, preschool:!!Private school",SEX BY SCHOOL ENROLLMENT BY LEVEL OF SCHOOL BY TYPE OF SCHOOL FOR THE POPULATION 3 YEARS AND OVER,int,B14002,BG,
B14002_007E,Estimate!!Total:!!Male:!!Enrolled in school:!!Enrolled in kindergarten:,SEX BY SCHOOL ENROLLMENT BY LEVEL OF SCHOOL BY TYPE OF SCHOOL FOR THE POPULATION 3 YEARS AND OVER,int,B14002,BG,
B14002_008E,Estimate!!Total:!!Male:!!Enrolled in school:!!Enrolled in kindergarten:!!Public school,SEX BY SCHOOL ENROLLMENT BY LEVEL OF SCHOOL BY TYPE OF SCHOOL FOR THE POPULATION 3 YEARS AND OVER,int,B14002,BG,
B14002_009E,Estimate!!Total:!!Male:!!Enrolled in school:!!Enrolled in kindergarten:!!Private school,SEX BY SCHOOL ENROLLMENT BY LEVEL OF SCHOOL BY TYPE OF SCHOOL FOR THE POPULATION 3 YEARS AND OVER,int,B14002,BG,
B14002_010E,Estimate!!Total:!!Male:!!Enrolled in school:!!Enrolled in grade 1 to grade 4:,SEX BY SCHOOL ENROLLMENT BY LEVEL OF SCHOOL BY TYPE OF SCHOOL FOR THE POPULATION 3 YEARS AND OVER,int,B14002,BG,
B14002_011E,Estimate!!Total:!!Male:!!Enrolled in school:!!Enrolled in grade 1 to grade 4:!!Public school,SEX BY SCHOOL ENROLLMENT BY LEVEL OF SCHOOL BY TYPE OF SCHOOL FOR THE POPULATION 3 YEARS AND OVER,int,B14002,BG,
B14002_012E,Estimate!!Total:!!Male:!!Enrolled in school:!!Enrolled in grade 1 to grade 4:!!Private school,SEX BY SCHOOL ENROLLMENT BY LEVEL OF SCHOOL BY TYPE OF SCHOOL FOR THE POPULATION 3 YEARS AND OVER,int,B14002,BG,
B14002_013E,Estimate!!Total:!!Male:!!Enrolled in school:!!Enrolled in grade 5 to grade 8:,SEX BY SCHOOL ENROLLMENT BY LEVEL OF SCHOOL BY TYPE OF SCHOOL FOR THE POPULATION 3 YEARS AND OVER,int,B14002,BG,
B14002_014E,Estimate!!Total:!!Male:!!Enrolled in school:!!Enrolled in grade 5 to grade 8:!!Public school,SEX BY SCHOOL ENROLLMENT BY LEVEL OF SCHOOL BY TYPE OF SCHOOL FOR THE POPULATION 3 YEARS AND OVER,int,B14002,BG,
B14002_015E,Estimate!!Total:!!Male:!!Enrolled in school:!!Enrolled in grade 5 to grade 8:!!Private school,SEX BY SCHOOL ENROLLMENT BY LEVEL OF SCHOOL BY TYPE OF SCHOOL FOR THE POPULATION 3 YEARS AND OVER,int,B14002,BG,
B14002_016E,Estimate!!Total:!!Male:!!Enrolled in school:!!Enrolled in grade 9 to grade 12:,SEX BY SCHOOL ENROLLMENT BY LEVEL OF SCHOOL BY TYPE OF SCHOOL FOR THE POPULATION 3 YEARS AND OVER,int,B14002,BG,
B14002_017E,Estimate!!Total:!!Male:!!Enrolled in school:!!Enrolled in grade 9 to grade 12:!!Public school,SEX BY SCHOOL ENROLLMENT BY LEVEL OF SCHOOL BY TYPE OF SCHOOL FOR THE POPULATION 3 YEARS AND OVER,int,B14002,BG,
B14002_018E,Estimate!!Total:!!Male:!!Enrolled in school:!!Enrolled in grade 9 to grade 12:!!Private school,SEX BY SCHOOL ENROLLMENT BY LEVEL OF SCHOOL BY TYPE OF SCHOOL FOR THE POPULATION 3 YEARS AND OVER,int,B14002,BG,
B14002_019E,Estimate!!Total:!!Male:!!Enrolled in school:!!Enrolled in college undergraduate years:,SEX BY SCHOOL ENROLLMENT BY LEVEL OF SCHOOL BY TYPE OF SCHOOL FOR THE POPULATION 3 YEARS AND OVER,int,B14002,BG,P_UNIVERSITY
B14002_020E,Estimate!!Total:!!Male:!!Enrolled in school:!!Enrolled in college undergraduate years:!!Public school,SEX BY SCHOOL ENROLLMENT BY LEVEL OF SCHOOL BY TYPE OF SCHOOL FOR THE POPULATION 3 YEARS AND OVER,int,B14002,BG,
B14002_021E,Estimate!!Total:!!Male:!!Enrolled in school:!!Enrolled in college undergraduate years:!!Private school,SEX BY SCHOOL ENROLLMENT BY LEVEL OF SCHOOL BY TYPE OF SCHOOL FOR THE POPULATION 3 YEARS AND OVER,int,B14002,BG,
B14002_022E,Estimate!!Total:!!Male:!!Enrolled in school:!!Enrolled in graduate or professional school:,SEX BY SCHOOL ENROLLMENT BY LEVEL OF SCHOOL BY TYPE OF SCHOOL FOR THE POPULATION 3 YEARS AND OVER,int,B14002,BG,P_UNIVERSITY
B14002_023E,Estimate!!Total:!!Male:!!Enrolled in school:!!Enrolled in graduate or professional school:!!Public school,SEX BY SCHOOL ENROLLMENT BY LEVEL OF SCHOOL BY TYPE OF SCHOOL FOR THE POPULATION 3 YEARS AND OVER,int,B14002,BG,
B14002_024E,Estimate!!Total:!!Male:!!Enrolled in school:!!Enrolled in graduate or professional school:!!Private school,SEX BY SCHOOL ENROLLMENT BY LEVEL OF SCHOOL BY TYPE OF SCHOOL FOR THE POPULATION 3 YEARS AND OVER,int,B14002,BG,
B14002_025E,Estimate!!Total:!!Male:!!Not enrolled in school,SEX BY SCHOOL ENROLLMENT BY LEVEL OF SCHOOL BY TYPE OF SCHOOL FOR THE POPULATION 3 YEARS AND OVER,int,B14002,BG,
B14002_026E,Estimate!!Total:!!Female:,SEX BY SCHOOL ENROLLMENT BY LEVEL OF SCHOOL BY TYPE OF SCHOOL FOR THE POPULATION 3 YEARS AND OVER,int,B14002,BG,
B14002_027E,Estimate!!Total:!!Female:!!Enrolled in school:,SEX BY SCHOOL ENROLLMENT BY LEVEL OF SCHOOL BY TYPE OF SCHOOL FOR THE POPULATION 3 YEARS AND OVER,int,B14002,BG,
B14002_028E,"Estimate!!Total:!!Female:!!Enrolled in school:!!Enrolled in nursery school, preschool:",SEX BY SCHOOL ENROLLMENT BY LEVEL OF SCHOOL BY TYPE OF SCHOOL FOR THE POPULATION 3 YEARS AND OVER,int,B14002,BG,
B14002_029E,"Estimate!!Total:!!Female:!!Enrolled in school:!!Enrolled in nursery school, preschool:!!Public school",SEX BY SCHOOL ENROLLMENT BY LEVEL OF SCHOOL BY TYPE OF SCHOOL FOR THE POPULATION 3 YEARS AND OVER,int,B14002,BG,
B14002_030E,"Estimate!!Total:!!Female:!!Enrolled in school:!!Enrolled in nursery school, preschool:!!Private school",SEX BY SCHOOL ENROLLMENT BY LEVEL OF SCHOOL BY TYPE OF SCHOOL FOR THE POPULATION 3 YEARS AND OVER,int,B14002,BG,
B14002_031E,Estimate!!Total:!!Female:!!Enrolled in school:!!Enrolled in kindergarten:,SEX BY SCHOOL ENROLLMENT BY LEVEL OF SCHOOL BY TYPE OF SCHOOL FOR THE POPULATION 3 YEARS AND OVER,int,B14002,BG,
B14002_032E,Estimate!!Total:!!Female:!!Enrolled in school:!!Enrolled in kindergarten:!!Public school,SEX BY SCHOOL ENROLLMENT BY LEVEL OF SCHOOL BY TYPE OF SCHOOL FOR THE POPULATION 3 YEARS AND OVER,int,B14002,BG,
B14002_033E,Estimate!!Total:!!Female:!!Enrolled in school:!!Enrolled in kindergarten:!!Private school,SEX BY SCHOOL ENROLLMENT BY LEVEL OF SCHOOL BY TYPE OF SCHOOL FOR THE POPULATION 3 YEARS AND OVER,int,B14002,BG,
B14002_034E,Estimate!!Total:!!Female:!!Enrolled in school:!!Enrolled in grade 1 to grade 4:,SEX BY SCHOOL ENROLLMENT BY LEVEL OF SCHOOL BY TYPE OF SCHOOL FOR THE POPULATION 3 YEARS AND OVER,int,B14002,BG,
B14002_035E,Estimate!!Total:!!Female:!!Enrolled in school:!!Enrolled in grade 1 to grade 4:!!Public school,SEX BY SCHOOL ENROLLMENT BY LEVEL OF SCHOOL BY TYPE OF SCHOOL FOR THE POPULATION 3 YEARS AND OVER,int,B14002,BG,
B14002_036E,Estimate!!Total:!!Female:!!Enrolled in school:!!Enrolled in grade 1 to grade 4:!!Private school,SEX BY SCHOOL ENROLLMENT BY LEVEL OF SCHOOL BY TYPE OF SCHOOL FOR THE POPULATION 3 YEARS AND OVER,int,B14002,BG,
B14002_037E,Estimate!!Total:!!Female:!!Enrolled in school:!!Enrolled in grade 5 to grade 8:,SEX BY SCHOOL ENROLLMENT BY LEVEL OF SCHOOL BY TYPE OF SCHOOL FOR THE POPULATION 3 YEARS AND OVER,int,B14002,BG,
B14002_038E,Estimate!!Total:!!Female:!!Enrolled in school:!!Enrolled in grade 5 to grade 8:!!Public school,SEX BY SCHOOL ENROLLMENT BY LEVEL OF SCHOOL BY TYPE OF SCHOOL FOR THE POPULATION 3 YEARS AND OVER,int,B14002,BG,
B14002_039E,Estimate!!Total:!!Female:!!Enrolled in school:!!Enrolled in grade 5 to grade 8:!!Private school,SEX BY SCHOOL ENROLLMENT BY LEVEL OF SCHOOL BY TYPE OF SCHOOL FOR THE POPULATION 3 YEARS AND OVER,int,B14002,BG,
B14002_040E,Estimate!!Total:!!Female:!!Enrolled in school:!!Enrolled in grade 9 to grade 12:,SEX BY SCHOOL ENROLLMENT BY LEVEL OF SCHOOL BY TYPE OF SCHOOL FOR THE POPULATION 3 YEARS AND OVER,int,B14002,BG,
B14002_041E,Estimate!!Total:!!Female:!!Enrolled in school:!!Enrolled in grade 9 to grade 12:!!Public school,SEX BY SCHOOL ENROLLMENT BY LEVEL OF SCHOOL BY TYPE OF SCHOOL FOR THE POPULATION 3 YEARS AND OVER,int,B14002,BG,
B14002_042E,Estimate!!Total:!!Female:!!Enrolled in school:!!Enrolled in grade 9 to grade 12:!!Private school,SEX BY SCHOOL ENROLLMENT BY LEVEL OF SCHOOL BY TYPE OF SCHOOL FOR THE POPULATION 3 YEARS AND OVER,int,B14002,BG,
B14002_043E,Estimate!!Total:!!Female:!!Enrolled in school:!!Enrolled in college undergraduate years:,SEX BY SCHOOL ENROLLMENT BY LEVEL OF SCHOOL BY TYPE OF SCHOOL FOR THE POPULATION 3 YEARS AND OVER,int,B14002,BG,P_UNIVERSITY
B14002_044E,Estimate!!Total:!!Female:!!Enrolled in school:!!Enrolled in college undergraduate years:!!Public school,SEX BY SCHOOL ENROLLMENT BY LEVEL OF SCHOOL BY TYPE OF SCHOOL FOR THE POPULATION 3 YEARS AND OVER,int,B14002,BG,
B14002_045E,Estimate!!Total:!!Female:!!Enrolled in school:!!Enrolled in college undergraduate years:!!Private school,SEX BY SCHOOL ENROLLMENT BY LEVEL OF SCHOOL BY TYPE OF SCHOOL FOR THE POPULATION 3 YEARS AND OVER,int,B14002,BG,
B14002_046E,Estimate!!Total:!!Female:!!Enrolled in school:!!Enrolled in graduate or professional school:,SEX BY SCHOOL ENROLLMENT BY LEVEL OF SCHOOL BY TYPE OF SCHOOL FOR THE POPULATION 3 YEARS AND OVER,int,B14002,BG,P_UNIVERSITY
B14002_047E,Estimate!!Total:!!Female:!!Enrolled in school:!!Enrolled in graduate or professional school:!!Public school,SEX BY SCHOOL ENROLLMENT BY LEVEL OF SCHOOL BY TYPE OF SCHOOL FOR THE POPULATION 3 YEARS AND OVER,int,B14002,BG,
B14002_048E,Estimate!!Total:!!Female:!!Enrolled in school:!!Enrolled in graduate or professional school:!!Private school,SEX BY SCHOOL ENROLLMENT BY LEVEL OF SCHOOL BY TYPE OF SCHOOL FOR THE POPULATION 3 YEARS AND OVER,int,B14002,BG,
B14002_049E,Estimate!!Total:!!Female:!!Not enrolled in school,SEX BY SCHOOL ENROLLMENT BY LEVEL OF SCHOOL BY TYPE OF SCHOOL FOR THE POPULATION 3 YEARS AND OVER,int,B14002,BG,
B19001_001E,Estimate!!Total:,HOUSEHOLD INCOME IN THE PAST 12 MONTHS (IN 2021 INFLATION-ADJUSTED DOLLARS),int,B19001,BG,
B19001_002E,"Estimate!!Total:!!Less than $10,000",HOUSEHOLD INCOME IN THE PAST 12 MONTHS (IN 2021 INFLATION-ADJUSTED DOLLARS),int,B19001,BG,H_INCOME_0_25
B19001_003E,"Estimate!!Total:!!$10,000 to $14,999",HOUSEHOLD INCOME IN THE PAST 12 MONTHS (IN 2021 INFLATION-ADJUSTED DOLLARS),int,B19001,BG,H_INCOME_0_25
B19001_004E,"Estimate!!Total:!!$15,000 to $19,999",HOUSEHOLD INCOME IN THE PAST 12 MONTHS (IN 2021 INFLATION-ADJUSTED DOLLARS),int,B19001,BG,H_INCOME_0_25
B19001_005E,"Estimate!!Total:!!$20,000 to $24,999",HOUSEHOLD INCOME IN THE PAST 12 MONTHS (IN 2021 INFLATION-ADJUSTED DOLLARS),int,B19001,BG,H_INCOME_0_25
B19001_006E,"Estimate!!Total:!!$25,000 to $29,999",HOUSEHOLD INCOME IN THE PAST 12 MONTHS (IN 2021 INFLATION-ADJUSTED DOLLARS),int,B19001,BG,H_INCOME_25_50
B19001_007E,"Estimate!!Total:!!$30,000 to $34,999",HOUSEHOLD INCOME IN THE PAST 12 MONTHS (IN 2021 INFLATION-ADJUSTED DOLLARS),int,B19001,BG,H_INCOME_25_50
B19001_008E,"Estimate!!Total:!!$35,000 to $39,999",HOUSEHOLD INCOME IN THE PAST 12 MONTHS (IN 2021 INFLATION-ADJUSTED DOLLARS),int,B19001,BG,H_INCOME_25_50
B19001_009E,"Estimate!!Total:!!$40,000 to $44,999",HOUSEHOLD INCOME IN THE PAST 12 MONTHS (IN 2021 INFLATION-ADJUSTED DOLLARS),int,B19001,BG,H_INCOME_25_50
B19001_010E,"Estimate!!Total:!!$45,000 to $49,999",HOUSEHOLD INCOME IN THE PAST 12 MONTHS (IN 2021 INFLATION-ADJUSTED DOLLARS),int,B19001,BG,H_INCOME_25_50
B19001_011E,"Estimate!!Total:!!$50,000 to $59,999",HOUSEHOLD INCOME IN THE PAST 12 MONTHS (IN 2021 INFLATION-ADJUSTED DOLLARS),int,B19001,BG,H_INCOME_50_75
B19001_012E,"Estimate!!Total:!!$60,000 to $74,999",HOUSEHOLD INCOME IN THE PAST 12 MONTHS (IN 2021 INFLATION-ADJUSTED DOLLARS),int,B19001,BG,H_INCOME_50_75
B19001_013E,"Estimate!!Total:!!$75,000 to $99,999",HOUSEHOLD INCOME IN THE PAST 12 MONTHS (IN 2021 INFLATION-ADJUSTED DOLLARS),int,B19001,BG,H_INCOME_75_100
B19001_014E,"Estimate!!Total:!!$100,000 to $124,999",HOUSEHOLD INCOME IN THE PAST 12 MONTHS (IN 2021 INFLATION-ADJUSTED DOLLARS),int,B19001,BG,H_INCOME_100_150
B19001_015E,"Estimate!!Total:!!$125,000 to $149,999",HOUSEHOLD INCOME IN THE PAST 12 MONTHS (IN 2021 INFLATION-ADJUSTED DOLLARS),int,B19001,BG,H_INCOME_100_150
B19001_016E,"Estimate!!Total:!!$150,000 to $199,999",HOUSEHOLD INCOME IN THE PAST 12 MONTHS (IN 2021 INFLATION-ADJUSTED DOLLARS),int,B19001,BG,H_INCOME_150PLUS
B19001_017E,"Estimate!!Total:!!$200,000 or more",HOUSEHOLD INCOME IN THE PAST 12 MONTHS (IN 2021 INFLATION-ADJUSTED DOLLARS),int,B19001,BG,H_INCOME_150PLUS
B23022_004E,Estimate!!Total:!!Male:!!Worked in the past 12 months:!!Usually worked 35 or more hours per week:,SEX BY WORK STATUS IN THE PAST 12 MONTHS BY USUAL HOURS WORKED PER WEEK IN THE PAST 12 MONTHS BY WEEKS WORKED IN THE PAST 12 MONTHS FOR THE POPULATION 16 TO 64 YEARS,int,B23022,BG,P_FULL_TIME
B23022_005E,Estimate!!Total:!!Male:!!Worked in the past 12 months:!!Usually worked 35 or more hours per week:!!50 to 52 weeks,SEX BY WORK STATUS IN THE PAST 12 MONTHS BY USUAL HOURS WORKED PER WEEK IN THE PAST 12 MONTHS BY WEEKS WORKED IN THE PAST 12 MONTHS FOR THE POPULATION 16 TO 64 YEARS,int,B23022,BG,
B23022_006E,Estimate!!Total:!!Male:!!Worked in the past 12 months:!!Usually worked 35 or more hours per week:!!48 and 49 weeks,SEX BY WORK STATUS IN THE PAST 12 MONTHS BY USUAL HOURS WORKED PER WEEK IN THE PAST 12 MONTHS BY WEEKS WORKED IN THE PAST 12 MONTHS FOR THE POPULATION 16 TO 64 YEARS,int,B23022,BG,
B23022_007E,Estimate!!Total:!!Male:!!Worked in the past 12 months:!!Usually worked 35 or more hours per week:!!40 to 47 weeks,SEX BY WORK STATUS IN THE PAST 12 MONTHS BY USUAL HOURS WORKED PER WEEK IN THE PAST 12 MONTHS BY WEEKS WORKED IN THE PAST 12 MONTHS FOR THE POPULATION 16 TO 64 YEARS,int,B23022,BG,
B23022_008E,Estimate!!Total:!!Male:!!Worked in the past 12 months:!!Usually worked 35 or more hours per week:!!27 to 39 weeks,SEX BY WORK STATUS IN THE PAST 12 MONTHS BY USUAL HOURS WORKED PER WEEK IN THE PAST 12 MONTHS BY WEEKS WORKED IN THE PAST 12 MONTHS FOR THE POPULATION 16 TO 64 YEARS,int,B23022,BG,
B23022_009E,Estimate!!Total:!!Male:!!Worked in the past 12 months:!!Usually worked 35 or more hours per week:!!14 to 26 weeks,SEX BY WORK STATUS IN THE PAST 12 MONTHS BY USUAL HOURS WORKED PER WEEK IN THE PAST 12 MONTHS BY WEEKS WORKED IN THE PAST 12 MONTHS FOR THE POPULATION 16 TO 64 YEARS,int,B23022,BG,
B23022_010E,Estimate!!Total:!!Male:!!Worked in the past 12 months:!!Usually worked 35 or more hours per week:!!1 to 13 weeks,SEX BY WORK STATUS IN THE PAST 12 MONTHS BY USUAL HOURS WORKED PER WEEK IN THE PAST 12 MONTHS BY WEEKS WORKED IN THE PAST 12 MONTHS FOR THE POPULATION 16 TO 64 YEARS,int,B23022,BG,
B23022_011E,Estimate!!Total:!!Male:!!Worked in the past 12 months:!!Usually worked 15 to 34 hours per week:,SEX BY WORK STATUS IN THE PAST 12 MONTHS BY USUAL HOURS WORKED PER WEEK IN THE PAST 12 MONTHS BY WEEKS WORKED IN THE PAST 12 MONTHS FOR THE POPULATION 16 TO 64 YEARS,int,B23022,BG,P_PART_TIME
B23022_012E,Estimate!!Total:!!Male:!!Worked in the past 12 months:!!Usually worked 15 to 34 hours per week:!!50 to 52 weeks,SEX BY WORK STATUS IN THE PAST 12 MONTHS BY USUAL HOURS WORKED PER WEEK IN THE PAST 12 MONTHS BY WEEKS WORKED IN THE PAST 12 MONTHS FOR THE POPULATION 16 TO 64 YEARS,int,B23022,BG,
B23022_013E,Estimate!!Total:!!Male:!!Worked in the past 12 months:!!Usually worked 15 to 34 hours per week:!!48 and 49 weeks,SEX BY WORK STATUS IN THE PAST 12 MONTHS BY USUAL HOURS WORKED PER WEEK IN THE PAST 12 MONTHS BY WEEKS WORKED IN THE PAST 12 MONTHS FOR THE POPULATION 16 TO 64 YEARS,int,B23022,BG,
B23022_014E,Estimate!!Total:!!Male:!!Worked in the past 12 months:!!Usually worked 15 to 34 hours per week:!!40 to 47 weeks,SEX BY WORK STATUS IN THE PAST 12 MONTHS BY USUAL HOURS WORKED PER WEEK IN THE PAST 12 MONTHS BY WEEKS WORKED IN THE PAST 12 MONTHS FOR THE POPULATION 16 TO 64 YEARS,int,B23022,BG,
B23022_015E,Estimate!!Total:!!Male:!!Worked in the past 12 months:!!Usually worked 15 to 34 hours per week:!!27 to 39 weeks,SEX BY WORK STATUS IN THE PAST 12 MONTHS BY USUAL HOURS WORKED PER WEEK IN THE PAST 12 MONTHS BY WEEKS WORKED IN THE PAST 12 MONTHS FOR THE POPULATION 16 TO 64 YEARS,int,B23022,BG,
B23022_016E,Estimate!!Total:!!Male:!!Worked in the past 12 months:!!Usually worked 15 to 34 hours per week:!!14 to 26 weeks,SEX BY WORK STATUS IN THE PAST 12 MONTHS BY USUAL HOURS WORKED PER WEEK IN THE PAST 12 MONTHS BY WEEKS WORKED IN THE PAST 12 MONTHS FOR THE POPULATION 16 TO 64 YEARS,int,B23022,BG,
B23022_017E,Estimate!!Total:!!Male:!!Worked in the past 12 months:!!Usually worked 15 to 34 hours per week:!!1 to 13 weeks,SEX BY WORK STATUS IN THE PAST 12 MONTHS BY USUAL HOURS WORKED PER WEEK IN THE PAST 12 MONTHS BY WEEKS WORKED IN THE PAST 12 MONTHS FOR THE POPULATION 16 TO 64 YEARS,int,B23022,BG,
B23022_018E,Estimate!!Total:!!Male:!!Worked in the past 12 months:!!Usually worked 1 to 14 hours per week:,SEX BY WORK STATUS IN THE PAST 12 MONTHS BY USUAL HOURS WORKED PER WEEK IN THE PAST 12 MONTHS BY WEEKS WORKED IN THE PAST 12 MONTHS FOR THE POPULATION 16 TO 64 YEARS,int,B23022,BG,P_PART_TIME
B23022_019E,Estimate!!Total:!!Male:!!Worked in the past 12 months:!!Usually worked 1 to 14 hours per week:!!50 to 52 weeks,SEX BY WORK STATUS IN THE PAST 12 MONTHS BY USUAL HOURS WORKED PER WEEK IN THE PAST 12 MONTHS BY WEEKS WORKED IN THE PAST 12 MONTHS FOR THE POPULATION 16 TO 64 YEARS,int,B23022,BG,
B23022_020E,Estimate!!Total:!!Male:!!Worked in the past 12 months:!!Usually worked 1 to 14 hours per week:!!48 and 49 weeks,SEX BY WORK STATUS IN THE PAST 12 MONTHS BY USUAL HOURS WORKED PER WEEK IN THE PAST 12 MONTHS BY WEEKS WORKED IN THE PAST 12 MONTHS FOR THE POPULATION 16 TO 64 YEARS,int,B23022,BG,
B23022_021E,Estimate!!Total:!!Male:!!Worked in the past 12 months:!!Usually worked 1 to 14 hours per week:!!40 to 47 weeks,SEX BY WORK STATUS IN THE PAST 12 MONTHS BY USUAL HOURS WORKED PER WEEK IN THE PAST 12 MONTHS BY WEEKS WORKED IN THE PAST 12 MONTHS FOR THE POPULATION 16 TO 64 YEARS,int,B23022,BG,
B23022_022E,Estimate!!Total:!!Male:!!Worked in the past 12 months:!!Usually worked 1 to 14 hours per week:!!27 to 39 weeks,SEX BY WORK STATUS IN THE PAST 12 MONTHS BY USUAL HOURS WORKED PER WEEK IN THE PAST 12 MONTHS BY WEEKS WORKED IN THE PAST 12 MONTHS FOR THE POPULATION 16 TO 64 YEARS,int,B23022,BG,
B23022_023E,Estimate!!Total:!!Male:!!Worked in the past 12 months:!!Usually worked 1 to 14 hours per week:!!14 to 26 weeks,SEX BY WORK STATUS IN THE PAST 12 MONTHS BY USUAL HOURS WORKED PER WEEK IN THE PAST 12 MONTHS BY WEEKS WORKED IN THE PAST 12 MONTHS FOR THE POPULATION 16 TO 64 YEARS,int,B23022,BG,
B23022_024E,Estimate!!Total:!!Male:!!Worked in the past 12 months:!!Usually worked 1 to 14 hours per week:!!1 to 13 weeks,SEX BY WORK STATUS IN THE PAST 12 MONTHS BY USUAL HOURS WORKED PER WEEK IN THE PAST 12 MONTHS BY WEEKS WORKED IN THE PAST 12 MONTHS FOR THE POPULATION 16 TO 64 YEARS,int,B23022,BG,
B23022_028E,Estimate!!Total:!!Female:!!Worked in the past 12 months:!!Usually worked 35 or more hours per week:,SEX BY WORK STATUS IN THE PAST 12 MONTHS BY USUAL HOURS WORKED PER WEEK IN THE PAST 12 MONTHS BY WEEKS WORKED IN THE PAST 12 MONTHS FOR THE POPULATION 16 TO 64 YEARS,int,B23022,BG,P_FULL_TIME
B23022_029E,Estimate!!Total:!!Female:!!Worked in the past 12 months:!!Usually worked 35 or more hours per week:!!50 to 52 weeks,SEX BY WORK STATUS IN THE PAST 12 MONTHS BY USUAL HOURS WORKED PER WEEK IN THE PAST 12 MONTHS BY WEEKS WORKED IN THE PAST 12 MONTHS FOR THE POPULATION 16 TO 64 YEARS,int,B23022,BG,
B23022_030E,Estimate!!Total:!!Female:!!Worked in the past 12 months:!!Usually worked 35 or more hours per week:!!48 and 49 weeks,SEX BY WORK STATUS IN THE PAST 12 MONTHS BY USUAL HOURS WORKED PER WEEK IN THE PAST 12 MONTHS BY WEEKS WORKED IN THE PAST 12 MONTHS FOR THE POPULATION 16 TO 64 YEARS,int,B23022,BG,
B23022_031E,Estimate!!Total:!!Female:!!Worked in the past 12 months:!!Usually worked 35 or more hours per week:!!40 to 47 weeks,SEX BY WORK STATUS IN THE PAST 12 MONTHS BY USUAL HOURS WORKED PER WEEK IN THE PAST 12 MONTHS BY WEEKS WORKED IN THE PAST 12 MONTHS FOR THE POPULATION 16 TO 64 YEARS,int,B23022,BG,
B23022_032E,Estimate!!Total:!!Female:!!Worked in the past 12 months:!!Usually worked 35 or more hours per week:!!27 to 39 weeks,SEX BY WORK STATUS IN THE PAST 12 MONTHS BY USUAL HOURS WORKED PER WEEK IN THE PAST 12 MONTHS BY WEEKS WORKED IN THE PAST 12 MONTHS FOR THE POPULATION 16 TO 64 YEARS,int,B23022,BG,
B23022_033E,Estimate!!Total:!!Female:!!Worked in the past 12 months:!!Usually worked 35 or more hours per week:!!14 to 26 weeks,SEX BY WORK STATUS IN THE PAST 12 MONTHS BY USUAL HOURS WORKED PER WEEK IN THE PAST 12 MONTHS BY WEEKS WORKED IN THE PAST 12 MONTHS FOR THE POPULATION 16 TO 64 YEARS,int,B23022,BG,
B23022_034E,Estimate!!Total:!!Female:!!Worked in the past 12 months:!!Usually worked 35 or more hours per week:!!1 to 13 weeks,SEX BY WORK STATUS IN THE PAST 12 MONTHS BY USUAL HOURS WORKED PER WEEK IN THE PAST 12 MONTHS BY WEEKS WORKED IN THE PAST 12 MONTHS FOR THE POPULATION 16 TO 64 YEARS,int,B23022,BG,
B23022_035E,Estimate!!Total:!!Female:!!Worked in the past 12 months:!!Usually worked 15 to 34 hours per week:,SEX BY WORK STATUS IN THE PAST 12 MONTHS BY USUAL HOURS WORKED PER WEEK IN THE PAST 12 MONTHS BY WEEKS WORKED IN THE PAST 12 MONTHS FOR THE POPULATION 16 TO 64 YEARS,int,B23022,BG,P_PART_TIME
B23022_036E,Estimate!!Total:!!Female:!!Worked in the past 12 months:!!Usually worked 15 to 34 hours per week:!!50 to 52 weeks,SEX BY WORK STATUS IN THE PAST 12 MONTHS BY USUAL HOURS WORKED PER WEEK IN THE PAST 12 MONTHS BY WEEKS WORKED IN THE PAST 12 MONTHS FOR THE POPULATION 16 TO 64 YEARS,int,B23022,BG,
B23022_037E,Estimate!!Total:!!Female:!!Worked in the past 12 months:!!Usually worked 15 to 34 hours per week:!!48 and 49 weeks,SEX BY WORK STATUS IN THE PAST 12 MONTHS BY USUAL HOURS WORKED PER WEEK IN THE PAST 12 MONTHS BY WEEKS WORKED IN THE PAST 12 MONTHS FOR THE POPULATION 16 TO 64 YEARS,int,B23022,BG,
B23022_038E,Estimate!!Total:!!Female:!!Worked in the past 12 months:!!Usually worked 15 to 34 hours per week:!!40 to 47 weeks,SEX BY WORK STATUS IN THE PAST 12 MONTHS BY USUAL HOURS WORKED PER WEEK IN THE PAST 12 MONTHS BY WEEKS WORKED IN THE PAST 12 MONTHS FOR THE POPULATION 16 TO 64 YEARS,int,B23022,BG,
B23022_039E,Estimate!!Total:!!Female:!!Worked in the past 12 months:!!Usually worked 15 to 34 hours per week:!!27 to 39 weeks,SEX BY WORK STATUS IN THE PAST 12 MONTHS BY USUAL HOURS WORKED PER WEEK IN THE PAST 12 MONTHS BY WEEKS WORKED IN THE PAST 12 MONTHS FOR THE POPULATION 16 TO 64 YEARS,int,B23022,BG,
B23022_040E,Estimate!!Total:!!Female:!!Worked in the past 12 months:!!Usually worked 15 to 34 hours per week:!!14 to 26 weeks,SEX BY WORK STATUS IN THE PAST 12 MONTHS BY USUAL HOURS WORKED PER WEEK IN THE PAST 12 MONTHS BY WEEKS WORKED IN THE PAST 12 MONTHS FOR THE POPULATION 16 TO 64 YEARS,int,B23022,BG,
B23022_041E,Estimate!!Total:!!Female:!!Worked in the past 12 months:!!Usually worked 15 to 34 hours per week:!!1 to 13 weeks,SEX BY WORK STATUS IN THE PAST 12 MONTHS BY USUAL HOURS WORKED PER WEEK IN THE PAST 12 MONTHS BY WEEKS WORKED IN THE PAST 12 MONTHS FOR THE POPULATION 16 TO 64 YEARS,int,B23022,BG,
B23022_042E,Estimate!!Total:!!Female:!!Worked in the past 12 months:!!Usually worked 1 to 14 hours per week:,SEX BY WORK STATUS IN THE PAST 12 MONTHS BY USUAL HOURS WORKED PER WEEK IN THE PAST 12 MONTHS BY WEEKS WORKED IN THE PAST 12 MONTHS FOR THE POPULATION 16 TO 64 YEARS,int,B23022,BG,P_PART_TIME
B23022_043E,Estimate!!Total:!!Female:!!Worked in the past 12 months:!!Usually worked 1 to 14 hours per week:!!50 to 52 weeks,SEX BY WORK STATUS IN THE PAST 12 MONTHS BY USUAL HOURS WORKED PER WEEK IN THE PAST 12 MONTHS BY WEEKS WORKED IN THE PAST 12 MONTHS FOR THE POPULATION 16 TO 64 YEARS,int,B23022,BG,
B23022_044E,Estimate!!Total:!!Female:!!Worked in the past 12 months:!!Usually worked 1 to 14 hours per week:!!48 and 49 weeks,SEX BY WORK STATUS IN THE PAST 12 MONTHS BY USUAL HOURS WORKED PER WEEK IN THE PAST 12 MONTHS BY WEEKS WORKED IN THE PAST 12 MONTHS FOR THE POPULATION 16 TO 64 YEARS,int,B23022,BG,
B23022_045E,Estimate!!Total:!!Female:!!Worked in the past 12 months:!!Usually worked 1 to 14 hours per week:!!40 to 47 weeks,SEX BY WORK STATUS IN THE PAST 12 MONTHS BY USUAL HOURS WORKED PER WEEK IN THE PAST 12 MONTHS BY WEEKS WORKED IN THE PAST 12 MONTHS FOR THE POPULATION 16 TO 64 YEARS,int,B23022,BG,
B23022_046E,Estimate!!Total:!!Female:!!Worked in the past 12 months:!!Usually worked 1 to 14 hours per week:!!27 to 39 weeks,SEX BY WORK STATUS IN THE PAST 12 MONTHS BY USUAL HOURS WORKED PER WEEK IN THE PAST 12 MONTHS BY WEEKS WORKED IN THE PAST 12 MONTHS FOR THE POPULATION 16 TO 64 YEARS,int,B23022,BG,
B23022_047E,Estimate!!Total:!!Female:!!Worked in the past 12 months:!!Usually worked 1 to 14 hours per week:!!14 to 26 weeks,SEX BY WORK STATUS IN THE PAST 12 MONTHS BY USUAL HOURS WORKED PER WEEK IN THE PAST 12 MONTHS BY WEEKS WORKED IN THE PAST 12 MONTHS FOR THE POPULATION 16 TO 64 YEARS,int,B23022,BG,
B23022_048E,Estimate!!Total:!!Female:!!Worked in the past 12 months:!!Usually worked 1 to 14 hours per week:!!1 to 13 weeks,SEX BY WORK STATUS IN THE PAST 12 MONTHS BY USUAL HOURS WORKED PER WEEK IN THE PAST 12 MONTHS BY WEEKS WORKED IN THE PAST 12 MONTHS FOR THE POPULATION 16 TO 64 YEARS,int,B23022,BG,
B23025_001E,Estimate!!Total:,EMPLOYMENT STATUS FOR THE POPULATION 16 YEARS AND OVER,int,B23025,BG,
B23025_002E,Estimate!!Total:!!In labor force:,EMPLOYMENT STATUS FOR THE POPULATION 16 YEARS AND OVER,int,B23025,BG,
B23025_003E,Estimate!!Total:!!In labor force:!!Civilian labor force:,EMPLOYMENT STATUS FOR THE POPULATION 16 YEARS AND OVER,int,B23025,BG,
B23025_004E,Estimate!!Total:!!In labor force:!!Civilian labor force:!!Employed,EMPLOYMENT STATUS FOR THE POPULATION 16 YEARS AND OVER,int,B23025,BG,
B23025_005E,Estimate!!Total:!!In labor force:!!Civilian labor force:!!Unemployed,EMPLOYMENT STATUS FOR THE POPULATION 16 YEARS AND OVER,int,B23025,BG,
B23025_006E,Estimate!!Total:!!In labor force:!!Armed Forces,EMPLOYMENT STATUS FOR THE POPULATION 16 YEARS AND OVER,int,B23025,BG,
B23025_007E,Estimate!!Total:!!Not in labor force,EMPLOYMENT STATUS FOR THE POPULATION 16 YEARS AND OVER,int,B23025,BG,
B23026_004E,Estimate!!Total:!!Male:!!Worked in the past 12 months:!!Usually worked 35 or more hours per week:,SEX BY WORK STATUS IN THE PAST 12 MONTHS BY USUAL HOURS WORKED PER WEEK IN THE PAST 12 MONTHS BY WEEKS WORKED IN THE PAST 12 MONTHS FOR THE POPULATION 65 YEARS AND OVER,int,B23026,BG,P_FULL_TIME
B23026_005E,Estimate!!Total:!!Male:!!Worked in the past 12 months:!!Usually worked 35 or more hours per week:!!50 to 52 weeks,SEX BY WORK STATUS IN THE PAST 12 MONTHS BY USUAL HOURS WORKED PER WEEK IN THE PAST 12 MONTHS BY WEEKS WORKED IN THE PAST 12 MONTHS FOR THE POPULATION 65 YEARS AND OVER,int,B23026,BG,
B23026_006E,Estimate!!Total:!!Male:!!Worked in the past 12 months:!!Usually worked 35 or more hours per week:!!48 and 49 weeks,SEX BY WORK STATUS IN THE PAST 12 MONTHS BY USUAL HOURS WORKED PER WEEK IN THE PAST 12 MONTHS BY WEEKS WORKED IN THE PAST 12 MONTHS FOR THE POPULATION 65 YEARS AND OVER,int,B23026,BG,
B23026_007E,Estimate!!Total:!!Male:!!Worked in the past 12 months:!!Usually worked 35 or more hours per week:!!40 to 47 weeks,SEX BY WORK STATUS IN THE PAST 12 MONTHS BY USUAL HOURS WORKED PER WEEK IN THE PAST 12 MONTHS BY WEEKS WORKED IN THE PAST 12 MONTHS FOR THE POPULATION 65 YEARS AND OVER,int,B23026,BG,
B23026_008E,Estimate!!Total:!!Male:!!Worked in the past 12 months:!!Usually worked 35 or more hours per week:!!27 to 39 weeks,SEX BY WORK STATUS IN THE PAST 12 MONTHS BY USUAL HOURS WORKED PER WEEK IN THE PAST 12 MONTHS BY WEEKS WORKED IN THE PAST 12 MONTHS FOR THE POPULATION 65 YEARS AND OVER,int,B23026,BG,
B23026_009E,Estimate!!Total:!!Male:!!Worked in the past 12 months:!!Usually worked 35 or more hours per week:!!14 to 26 weeks,SEX BY WORK STATUS IN THE PAST 12 MONTHS BY USUAL HOURS WORKED PER WEEK IN THE PAST 12 MONTHS BY WEEKS WORKED IN THE PAST 12 MONTHS FOR THE POPULATION 65 YEARS AND OVER,int,B23026,BG,
B23026_010E,Estimate!!Total:!!Male:!!Worked in the past 12 months:!!Usually worked 35 or more hours per week:!!1 to 13 weeks,SEX BY WORK STATUS IN THE PAST 12 MONTHS BY USUAL HOURS WORKED PER WEEK IN THE PAST 12 MONTHS BY WEEKS WORKED IN THE PAST 12 MONTHS FOR THE POPULATION 65 YEARS AND OVER,int,B23026,BG,
B23026_011E,Estimate!!Total:!!Male:!!Worked in the past 12 months:!!Usually worked 15 to 34 hours per week:,SEX BY WORK STATUS IN THE PAST 12 MONTHS BY USUAL HOURS WORKED PER WEEK IN THE PAST 12 MONTHS BY WEEKS WORKED IN THE PAST 12 MONTHS FOR THE POPULATION 65 YEARS AND OVER,int,B23026,BG,P_PART_TIME
B23026_012E,Estimate!!Total:!!Male:!!Worked in the past 12 months:!!Usually worked 15 to 34 hours per week:!!50 to 52 weeks,SEX BY WORK STATUS IN THE PAST 12 MONTHS BY USUAL HOURS WORKED PER WEEK IN THE PAST 12 MONTHS BY WEEKS WORKED IN THE PAST 12 MONTHS FOR THE POPULATION 65 YEARS AND OVER,int,B23026,BG,
B23026_013E,Estimate!!Total:!!Male:!!Worked in the past 12 months:!!Usually worked 15 to 34 hours per week:!!48 and 49 weeks,SEX BY WORK STATUS IN THE PAST 12 MONTHS BY USUAL HOURS WORKED PER WEEK IN THE PAST 12 MONTHS BY WEEKS WORKED IN THE PAST 12 MONTHS FOR THE POPULATION 65 YEARS AND OVER,int,B23026,BG,
B23026_014E,Estimate!!Total:!!Male:!!Worked in the past 12 months:!!Usually worked 15 to 34 hours per week:!!40 to 47 weeks,SEX BY WORK STATUS IN THE PAST 12 MONTHS BY USUAL HOURS WORKED PER WEEK IN THE PAST 12 MONTHS BY WEEKS WORKED IN THE PAST 12 MONTHS FOR THE POPULATION 65 YEARS AND OVER,int,B23026,BG,
B23026_015E,Estimate!!Total:!!Male:!!Worked in the past 12 months:!!Usually worked 15 to 34 hours per week:!!27 to 39 weeks,SEX BY WORK STATUS IN THE PAST 12 MONTHS BY USUAL HOURS WORKED PER WEEK IN THE PAST 12 MONTHS BY WEEKS WORKED IN THE PAST 12 MONTHS FOR THE POPULATION 65 YEARS AND OVER,int,B23026,BG,
B23026_016E,Estimate!!Total:!!Male:!!Worked in the past 12 months:!!Usually worked 15 to 34 hours per week:!!14 to 26 weeks,SEX BY WORK STATUS IN THE PAST 12 MONTHS BY USUAL HOURS WORKED PER WEEK IN THE PAST 12 MONTHS BY WEEKS WORKED IN THE PAST 12 MONTHS FOR THE POPULATION 65 YEARS AND OVER,int,B23026,BG,
B23026_017E,Estimate!!Total:!!Male:!!Worked in the past 12 months:!!Usually worked 15 to 34 hours per week:!!1 to 13 weeks,SEX BY WORK STATUS IN THE PAST 12 MONTHS BY USUAL HOURS WORKED PER WEEK IN THE PAST 12 MONTHS BY WEEKS WORKED IN THE PAST 12 MONTHS FOR THE POPULATION 65 YEARS AND OVER,int,B23026,BG,
B23026_018E,Estimate!!Total:!!Male:!!Worked in the past 12 months:!!Usually worked 1 to 14 hours per week:,SEX BY WORK STATUS IN THE PAST 12 MONTHS BY USUAL HOURS WORKED PER WEEK IN THE PAST 12 MONTHS BY WEEKS WORKED IN THE PAST 12 MONTHS FOR THE POPULATION 65 YEARS AND OVER,int,B23026,BG,P_PART_TIME
B23026_019E,Estimate!!Total:!!Male:!!Worked in the past 12 months:!!Usually worked 1 to 14 hours per week:!!50 to 52 weeks,SEX BY WORK STATUS IN THE PAST 12 MONTHS BY USUAL HOURS WORKED PER WEEK IN THE PAST 12 MONTHS BY WEEKS WORKED IN THE PAST 12 MONTHS FOR THE POPULATION 65 YEARS AND OVER,int,B23026,BG,
B23026_020E,Estimate!!Total:!!Male:!!Worked in the past 12 months:!!Usually worked 1 to 14 hours per week:!!48 and 49 weeks,SEX BY WORK STATUS IN THE PAST 12 MONTHS BY USUAL HOURS WORKED PER WEEK IN THE PAST 12 MONTHS BY WEEKS WORKED IN THE PAST 12 MONTHS FOR THE POPULATION 65 YEARS AND OVER,int,B23026,BG,
B23026_021E,Estimate!!Total:!!Male:!!Worked in the past 12 months:!!Usually worked 1 to 14 hours per week:!!40 to 47 weeks,SEX BY WORK STATUS IN THE PAST 12 MONTHS BY USUAL HOURS WORKED PER WEEK IN THE PAST 12 MONTHS BY WEEKS WORKED IN THE PAST 12 MONTHS FOR THE POPULATION 65 YEARS AND OVER,int,B23026,BG,
B23026_022E,Estimate!!Total:!!Male:!!Worked in the past 12 months:!!Usually worked 1 to 14 hours per week:!!27 to 39 weeks,SEX BY WORK STATUS IN THE PAST 12 MONTHS BY USUAL HOURS WORKED PER WEEK IN THE PAST 12 MONTHS BY WEEKS WORKED IN THE PAST 12 MONTHS FOR THE POPULATION 65 YEARS AND OVER,int,B23026,BG,
B23026_023E,Estimate!!Total:!!Male:!!Worked in the past 12 months:!!Usually worked 1 to 14 hours per week:!!14 to 26 weeks,SEX BY WORK STATUS IN THE PAST 12 MONTHS BY USUAL HOURS WORKED PER WEEK IN THE PAST 12 MONTHS BY WEEKS WORKED IN THE PAST 12 MONTHS FOR THE POPULATION 65 YEARS AND OVER,int,B23026,BG,
B23026_024E,Estimate!!Total:!!Male:!!Worked in the past 12 months:!!Usually worked 1 to 14 hours per week:!!1 to 13 weeks,SEX BY WORK STATUS IN THE PAST 12 MONTHS BY USUAL HOURS WORKED PER WEEK IN THE PAST 12 MONTHS BY WEEKS WORKED IN THE PAST 12 MONTHS FOR THE POPULATION 65 YEARS AND OVER,int,B23026,BG,
B23026_028E,Estimate!!Total:!!Female:!!Worked in the past 12 months:!!Usually worked 35 or more hours per week:,SEX BY WORK STATUS IN THE PAST 12 MONTHS BY USUAL HOURS WORKED PER WEEK IN THE PAST 12 MONTHS BY WEEKS WORKED IN THE PAST 12 MONTHS FOR THE POPULATION 65 YEARS AND OVER,int,B23026,BG,P_FULL_TIME
B23026_029E,Estimate!!Total:!!Female:!!Worked in the past 12 months:!!Usually worked 35 or more hours per week:!!50 to 52 weeks,SEX BY WORK STATUS IN THE PAST 12 MONTHS BY USUAL HOURS WORKED PER WEEK IN THE PAST 12 MONTHS BY WEEKS WORKED IN THE PAST 12 MONTHS FOR THE POPULATION 65 YEARS AND OVER,int,B23026,BG,
B23026_030E,Estimate!!Total:!!Female:!!Worked in the past 12 months:!!Usually worked 35 or more hours per week:!!48 and 49 weeks,SEX BY WORK STATUS IN THE PAST 12 MONTHS BY USUAL HOURS WORKED PER WEEK IN THE PAST 12 MONTHS BY WEEKS WORKED IN THE PAST 12 MONTHS FOR THE POPULATION 65 YEARS AND OVER,int,B23026,BG,
B23026_031E,Estimate!!Total:!!Female:!!Worked in the past 12 months:!!Usually worked 35 or more hours per week:!!40 to 47 weeks,SEX BY WORK STATUS IN THE PAST 12 MONTHS BY USUAL HOURS WORKED PER WEEK IN THE PAST 12 MONTHS BY WEEKS WORKED IN THE PAST 12 MONTHS FOR THE POPULATION 65 YEARS AND OVER,int,B23026,BG,
B23026_032E,Estimate!!Total:!!Female:!!Worked in the past 12 months:!!Usually worked 35 or more hours per week:!!27 to 39 weeks,SEX BY WORK STATUS IN THE PAST 12 MONTHS BY USUAL HOURS WORKED PER WEEK IN THE PAST 12 MONTHS BY WEEKS WORKED IN THE PAST 12 MONTHS FOR THE POPULATION 65 YEARS AND OVER,int,B23026,BG,
B23026_033E,Estimate!!Total:!!Female:!!Worked in the past 12 months:!!Usually worked 35 or more hours per week:!!14 to 26 weeks,SEX BY WORK STATUS IN THE PAST 12 MONTHS BY USUAL HOURS WORKED PER WEEK IN THE PAST 12 MONTHS BY WEEKS WORKED IN THE PAST 12 MONTHS FOR THE POPULATION 65 YEARS AND OVER,int,B23026,BG,
B23026_034E,Estimate!!Total:!!Female:!!Worked in the past 12 months:!!Usually worked 35 or more hours per week:!!1 to 13 weeks,SEX BY WORK STATUS IN THE PAST 12 MONTHS BY USUAL HOURS WORKED PER WEEK IN THE PAST 12 MONTHS BY WEEKS WORKED IN THE PAST 12 MONTHS FOR THE POPULATION 65 YEARS AND OVER,int,B23026,BG,
B23026_035E,Estimate!!Total:!!Female:!!Worked in the past 12 months:!!Usually worked 15 to 34 hours per week:,SEX BY WORK STATUS IN THE PAST 12 MONTHS BY USUAL HOURS WORKED PER WEEK IN THE PAST 12 MONTHS BY WEEKS WORKED IN THE PAST 12 MONTHS FOR THE POPULATION 65 YEARS AND OVER,int,B23026,BG,P_PART_TIME
B23026_036E,Estimate!!Total:!!Female:!!Worked in the past 12 months:!!Usually worked 15 to 34 hours per week:!!50 to 52 weeks,SEX BY WORK STATUS IN THE PAST 12 MONTHS BY USUAL HOURS WORKED PER WEEK IN THE PAST 12 MONTHS BY WEEKS WORKED IN THE PAST 12 MONTHS FOR THE POPULATION 65 YEARS AND OVER,int,B23026,BG,
B23026_037E,Estimate!!Total:!!Female:!!Worked in the past 12 months:!!Usually worked 15 to 34 hours per week:!!48 and 49 weeks,SEX BY WORK STATUS IN THE PAST 12 MONTHS BY USUAL HOURS WORKED PER WEEK IN THE PAST 12 MONTHS BY WEEKS WORKED IN THE PAST 12 MONTHS FOR THE POPULATION 65 YEARS AND OVER,int,B23026,BG,
B23026_038E,Estimate!!Total:!!Female:!!Worked in the past 12 months:!!Usually worked 15 to 34 hours per week:!!40 to 47 weeks,SEX BY WORK STATUS IN THE PAST 12 MONTHS BY USUAL HOURS WORKED PER WEEK IN THE PAST 12 MONTHS BY WEEKS WORKED IN THE PAST 12 MONTHS FOR THE POPULATION 65 YEARS AND OVER,int,B23026,BG,
B23026_039E,Estimate!!Total:!!Female:!!Worked in the past 12 months:!!Usually worked 15 to 34 hours per week:!!27 to 39 weeks,SEX BY WORK STATUS IN THE PAST 12 MONTHS BY USUAL HOURS WORKED PER WEEK IN THE PAST 12 MONTHS BY WEEKS WORKED IN THE PAST 12 MONTHS FOR THE POPULATION 65 YEARS AND OVER,int,B23026,BG,
B23026_040E,Estimate!!Total:!!Female:!!Worked in the past 12 months:!!Usually worked 15 to 34 hours per week:!!14 to 26 weeks,SEX BY WORK STATUS IN THE PAST 12 MONTHS BY USUAL HOURS WORKED PER WEEK IN THE PAST 12 MONTHS BY WEEKS WORKED IN THE PAST 12 MONTHS FOR THE POPULATION 65 YEARS AND OVER,int,B23026,BG,
B23026_041E,Estimate!!Total:!!Female:!!Worked in the past 12 months:!!Usually worked 15 to 34 hours per week:!!1 to 13 weeks,SEX BY WORK STATUS IN THE PAST 12 MONTHS BY USUAL HOURS WORKED PER WEEK IN THE PAST 12 MONTHS BY WEEKS WORKED IN THE PAST 12 MONTHS FOR THE POPULATION 65 YEARS AND OVER,int,B23026,BG,
B23026_042E,Estimate!!Total:!!Female:!!Worked in the past 12 months:!!Usually worked 1 to 14 hours per week:,SEX BY WORK STATUS IN THE PAST 12 MONTHS BY USUAL HOURS WORKED PER WEEK IN THE PAST 12 MONTHS BY WEEKS WORKED IN THE PAST 12 MONTHS FOR THE POPULATION 65 YEARS AND OVER,int,B23026,BG,P_PART_TIME
B23026_043E,Estimate!!Total:!!Female:!!Worked in the past 12 months:!!Usually worked 1 to 14 hours per week:!!50 to 52 weeks,SEX BY WORK STATUS IN THE PAST 12 MONTHS BY USUAL HOURS WORKED PER WEEK IN THE PAST 12 MONTHS BY WEEKS WORKED IN THE PAST 12 MONTHS FOR THE POPULATION 65 YEARS AND OVER,int,B23026,BG,
B23026_044E,Estimate!!Total:!!Female:!!Worked in the past 12 months:!!Usually worked 1 to 14 hours per week:!!48 and 49 weeks,SEX BY WORK STATUS IN THE PAST 12 MONTHS BY USUAL HOURS WORKED PER WEEK IN THE PAST 12 MONTHS BY WEEKS WORKED IN THE PAST 12 MONTHS FOR THE POPULATION 65 YEARS AND OVER,int,B23026,BG,
B23026_045E,Estimate!!Total:!!Female:!!Worked in the past 12 months:!!Usually worked 1 to 14 hours per week:!!40 to 47 weeks,SEX BY WORK STATUS IN THE PAST 12 MONTHS BY USUAL HOURS WORKED PER WEEK IN THE PAST 12 MONTHS BY WEEKS WORKED IN THE PAST 12 MONTHS FOR THE POPULATION 65 YEARS AND OVER,int,B23026,BG,
B23026_046E,Estimate!!Total:!!Female:!!Worked in the past 12 months:!!Usually worked 1 to 14 hours per week:!!27 to 39 weeks,SEX BY WORK STATUS IN THE PAST 12 MONTHS BY USUAL HOURS WORKED PER WEEK IN THE PAST 12 MONTHS BY WEEKS WORKED IN THE PAST 12 MONTHS FOR THE POPULATION 65 YEARS AND OVER,int,B23026,BG,
B23026_047E,Estimate!!Total:!!Female:!!Worked in the past 12 months:!!Usually worked 1 to 14 hours per week:!!14 to 26 weeks,SEX BY WORK STATUS IN THE PAST 12 MONTHS BY USUAL HOURS WORKED PER WEEK IN THE PAST 12 MONTHS BY WEEKS WORKED IN THE PAST 12 MONTHS FOR THE POPULATION 65 YEARS AND OVER,int,B23026,BG,
B23026_048E,Estimate!!Total:!!Female:!!Worked in the past 12 months:!!Usually worked 1 to 14 hours per week:!!1 to 13 weeks,SEX BY WORK STATUS IN THE PAST 12 MONTHS BY USUAL HOURS WORKED PER WEEK IN THE PAST 12 MONTHS BY WEEKS WORKED IN THE PAST 12 MONTHS FOR THE POPULATION 65 YEARS AND OVER,int,B23026,BG,
